Time, Total Creatures, Predators, Prey, Trees, Speed, Look Radius
0,0,0,0,0,0,0
1.012928,0,0,0,0,0,0
1.935396,0,0,0,0,0,0
2.9437,0,0,0,0,0,0
3.95833,0,0,0,0,0,0
4.972144,0,0,0,0,0,0
